<?xml version="1.0" encoding="UTF-8"?>
<GenRun Id="impl_1" LaunchPart="xc7a35ticsg324-1L" LaunchTime="1694781683">
  <File Type="ROUTE-PWR" Name="coincidence_power_routed.rpt"/>
  <File Type="PA-TCL" Name="coincidence.tcl"/>
  <File Type="ROUTE-PWR-SUM" Name="coincidence_power_summary_routed.pb"/>
  <File Type="REPORTS-TCL" Name="coincidence_reports.tcl"/>
  <File Type="OPT-RQA-PB" Name="coincidence_rqa_opted.pb"/>
  <File Type="BITSTR-MMI" Name="coincidence.mmi"/>
  <File Type="OPT-METHODOLOGY-DRC" Name="coincidence_methodology_drc_opted.rpt"/>
  <File Type="INIT-TIMING" Name="coincidence_timing_summary_init.rpt"/>
  <File Type="OPT-TIMING" Name="coincidence_timing_summary_opted.rpt"/>
  <File Type="OPT-DCP" Name="coincidence_opt.dcp"/>
  <File Type="OPT-DRC" Name="coincidence_drc_opted.rpt"/>
  <File Type="OPT-HWDEF" Name="coincidence.hwdef"/>
  <File Type="PWROPT-DCP" Name="coincidence_pwropt.dcp"/>
  <File Type="PWROPT-DRC" Name="coincidence_drc_pwropted.rpt"/>
  <File Type="PWROPT-TIMING" Name="coincidence_timing_summary_pwropted.rpt"/>
  <File Type="PLACE-DCP" Name="coincidence_placed.dcp"/>
  <File Type="PLACE-IO" Name="coincidence_io_placed.rpt"/>
  <File Type="PLACE-CLK" Name="coincidence_clock_utilization_placed.rpt"/>
  <File Type="PLACE-UTIL" Name="coincidence_utilization_placed.rpt"/>
  <File Type="PLACE-UTIL-PB" Name="coincidence_utilization_placed.pb"/>
  <File Type="PLACE-CTRL" Name="coincidence_control_sets_placed.rpt"/>
  <File Type="PLACE-SIMILARITY" Name="coincidence_incremental_reuse_placed.rpt"/>
  <File Type="PLACE-PRE-SIMILARITY" Name="coincidence_incremental_reuse_pre_placed.rpt"/>
  <File Type="BG-BIN" Name="coincidence.bin"/>
  <File Type="PLACE-TIMING" Name="coincidence_timing_summary_placed.rpt"/>
  <File Type="ROUTE-PWR-RPX" Name="coincidence_power_routed.rpx"/>
  <File Type="PLACE-RQA-PB" Name="coincidence_rqa_placed.pb"/>
  <File Type="POSTPLACE-PWROPT-DCP" Name="coincidence_postplace_pwropt.dcp"/>
  <File Type="BITSTR-MSK" Name="coincidence.msk"/>
  <File Type="POSTPLACE-PWROPT-TIMING" Name="coincidence_timing_summary_postplace_pwropted.rpt"/>
  <File Type="PHYSOPT-DCP" Name="coincidence_physopt.dcp"/>
  <File Type="PHYSOPT-DRC" Name="coincidence_drc_physopted.rpt"/>
  <File Type="BITSTR-RBT" Name="coincidence.rbt"/>
  <File Type="PHYSOPT-TIMING" Name="coincidence_timing_summary_physopted.rpt"/>
  <File Type="ROUTE-ERROR-DCP" Name="coincidence_routed_error.dcp"/>
  <File Type="ROUTE-DCP" Name="coincidence_routed.dcp"/>
  <File Type="ROUTE-BLACKBOX-DCP" Name="coincidence_routed_bb.dcp"/>
  <File Type="ROUTE-DRC" Name="coincidence_drc_routed.rpt"/>
  <File Type="ROUTE-DRC-PB" Name="coincidence_drc_routed.pb"/>
  <File Type="ROUTE-DRC-RPX" Name="coincidence_drc_routed.rpx"/>
  <File Type="ROUTE-METHODOLOGY-DRC" Name="coincidence_methodology_drc_routed.rpt"/>
  <File Type="ROUTE-METHODOLOGY-DRC-RPX" Name="coincidence_methodology_drc_routed.rpx"/>
  <File Type="ROUTE-METHODOLOGY-DRC-PB" Name="coincidence_methodology_drc_routed.pb"/>
  <File Type="ROUTE-RQS-PB" Name="coincidence_rqs_routed.pb"/>
  <File Type="ROUTE-STATUS" Name="coincidence_route_status.rpt"/>
  <File Type="ROUTE-STATUS-PB" Name="coincidence_route_status.pb"/>
  <File Type="ROUTE-TIMINGSUMMARY" Name="coincidence_timing_summary_routed.rpt"/>
  <File Type="ROUTE-TIMING-PB" Name="coincidence_timing_summary_routed.pb"/>
  <File Type="ROUTE-TIMING-RPX" Name="coincidence_timing_summary_routed.rpx"/>
  <File Type="ROUTE-SIMILARITY" Name="coincidence_incremental_reuse_routed.rpt"/>
  <File Type="ROUTE-CLK" Name="coincidence_clock_utilization_routed.rpt"/>
  <File Type="ROUTE-BUS-SKEW" Name="coincidence_bus_skew_routed.rpt"/>
  <File Type="ROUTE-BUS-SKEW-PB" Name="coincidence_bus_skew_routed.pb"/>
  <File Type="ROUTE-BUS-SKEW-RPX" Name="coincidence_bus_skew_routed.rpx"/>
  <File Type="POSTROUTE-PHYSOPT-DCP" Name="coincidence_postroute_physopt.dcp"/>
  <File Type="POSTROUTE-PHYSOPT-BLACKBOX-DCP" Name="coincidence_postroute_physopt_bb.dcp"/>
  <File Type="POSTROUTE-PHYSOPT-TIMING" Name="coincidence_timing_summary_postroute_physopted.rpt"/>
  <File Type="POSTROUTE-PHYSOPT-TIMING-PB" Name="coincidence_timing_summary_postroute_physopted.pb"/>
  <File Type="POSTROUTE-PHYSOPT-TIMING-RPX" Name="coincidence_timing_summary_postroute_physopted.rpx"/>
  <File Type="POSTROUTE-PHYSOPT-BUS-SKEW" Name="coincidence_bus_skew_postroute_physopted.rpt"/>
  <File Type="BG-BIT" Name="coincidence.bit"/>
  <File Type="POSTROUTE-PHYSOPT-BUS-SKEW-PB" Name="coincidence_bus_skew_postroute_physopted.pb"/>
  <File Type="POSTROUTE-PHYSOPT-BUS-SKEW-RPX" Name="coincidence_bus_skew_postroute_physopted.rpx"/>
  <File Type="BITSTR-NKY" Name="coincidence.nky"/>
  <File Type="BITSTR-BMM" Name="coincidence_bd.bmm"/>
  <File Type="PDI-FILE" Name="coincidence.pdi"/>
  <File Type="BOOT-PDI-FILE" Name="coincidence_soc.pdi"/>
  <File Type="PL-PDI-FILE" Name="coincidence_pld.pdi"/>
  <File Type="RCFI_FILE" Name="coincidence.rcfi"/>
  <File Type="CFI_FILE" Name="coincidence.cfi"/>
  <File Type="RNPI_FILE" Name="coincidence.rnpi"/>
  <File Type="NPI_FILE" Name="coincidence.npi"/>
  <File Type="RBD_FILE" Name="coincidence.rbd"/>
  <File Type="BITSTR-LTX" Name="debug_nets.ltx"/>
  <File Type="BITSTR-LTX" Name="coincidence.ltx"/>
  <File Type="BITSTR-SYSDEF" Name="coincidence.sysdef"/>
  <File Type="BG-BGN" Name="coincidence.bgn"/>
  <File Type="BG-DRC" Name="coincidence.drc"/>
  <File Type="RDI-RDI" Name="coincidence.vdi"/>
  <File Type="WBT-USG" Name="usage_statistics_webtalk.html"/>
  <File Type="ROUTE-RQS" Name="coincidence_routed.rqs"/>
  <File Type="POSTROUTE-PHYSOPT-RQS" Name="coincidence_postroute_physopted.rqs"/>
  <File Type="ROUTE-RQS-RPT" Name="route_report_qor_suggestions_0.rpt"/>
  <File Type="POSTROUTE-PHYSOPT-RQS-RPT" Name="postroute_physopt_report_qor_suggestions_0.rpt"/>
  <FileSet Name="sources" Type="DesignSrcs" RelSrcDir="$PSRCDIR/sources_1" RelGenDir="$PGENDIR/sources_1">
    <Filter Type="Srcs"/>
    <File Path="$PSRCDIR/sources_1/imports/SPDC_PulseAndCoincidenceCount/rs232coincidencecounter.v">
      <FileInfo>
        <Attr Name="ImportPath" Val="$PPRDIR/../../../Users/admin/Desktop/SPDC_PulseAndCoincidenceCount/rs232coincidencecounter.v"/>
        <Attr Name="ImportTime" Val="1693218290"/>
        <Attr Name="UsedIn" Val="synthesis"/>
        <Attr Name="UsedIn" Val="implementation"/>
        <Attr Name="UsedIn" Val="simulation"/>
      </FileInfo>
    </File>
    <Config>
      <Option Name="DesignMode" Val="RTL"/>
      <Option Name="TopModule" Val="coincidence"/>
      <Option Name="TopAutoSet" Val="TRUE"/>
    </Config>
  </FileSet>
  <FileSet Name="constrs_in" Type="Constrs" RelSrcDir="$PSRCDIR/constrs_1" RelGenDir="$PGENDIR/constrs_1">
    <Filter Type="Constrs"/>
    <File Path="$PSRCDIR/constrs_1/imports/SPDC_PulseAndCoincidenceCount/Arty-A7-35-Master.xdc">
      <FileInfo>
        <Attr Name="ImportPath" Val="$PPRDIR/../../../Users/admin/Desktop/SPDC_PulseAndCoincidenceCount/Arty-A7-35-Master.xdc"/>
        <Attr Name="ImportTime" Val="1692945890"/>
        <Attr Name="UsedIn" Val="synthesis"/>
        <Attr Name="UsedIn" Val="implementation"/>
      </FileInfo>
    </File>
    <Config>
      <Option Name="TargetConstrsFile" Val="$PSRCDIR/constrs_1/imports/SPDC_PulseAndCoincidenceCount/Arty-A7-35-Master.xdc"/>
      <Option Name="ConstrsType" Val="XDC"/>
    </Config>
  </FileSet>
  <FileSet Name="utils" Type="Utils" RelSrcDir="$PSRCDIR/utils_1" RelGenDir="$PGENDIR/utils_1">
    <Filter Type="Utils"/>
    <File Path="$PSRCDIR/utils_1/imports/synth_1/coincidence.dcp">
      <FileInfo>
        <Attr Name="UsedIn" Val="synthesis"/>
        <Attr Name="UsedIn" Val="implementation"/>
        <Attr Name="UsedInSteps" Val="synth_1"/>
        <Attr Name="AutoDcp" Val="1"/>
      </FileInfo>
    </File>
    <Config>
      <Option Name="TopAutoSet" Val="TRUE"/>
    </Config>
  </FileSet>
  <Strategy Version="1" Minor="2">
    <StratHandle Name="Vivado Implementation Defaults" Flow="Vivado Implementation 2023"/>
    <Step Id="init_design"/>
    <Step Id="opt_design"/>
    <Step Id="power_opt_design"/>
    <Step Id="place_design"/>
    <Step Id="post_place_power_opt_design"/>
    <Step Id="phys_opt_design"/>
    <Step Id="route_design"/>
    <Step Id="post_route_phys_opt_design"/>
    <Step Id="write_bitstream">
      <Option Id="BinFile">1</Option>
    </Step>
  </Strategy>
</GenRun>
