<?xml version="1.0" encoding="UTF-8"?>
<GenRun Id="synth_1" LaunchPart="xc7a35ticsg324-1L" LaunchTime="1694781544" LaunchIncrCheckpoint="$PSRCDIR/utils_1/imports/synth_1/coincidence.dcp">
  <File Type="PA-TCL" Name="coincidence.tcl"/>
  <File Type="RDS-PROPCONSTRS" Name="coincidence_drc_synth.rpt"/>
  <File Type="REPORTS-TCL" Name="coincidence_reports.tcl"/>
  <File Type="RDS-RDS" Name="coincidence.vds"/>
  <File Type="RDS-UTIL" Name="coincidence_utilization_synth.rpt"/>
  <File Type="RDS-UTIL-PB" Name="coincidence_utilization_synth.pb"/>
  <File Type="RDS-DCP" Name="coincidence.dcp"/>
  <File Type="VDS-TIMINGSUMMARY" Name="coincidence_timing_summary_synth.rpt"/>
  <File Type="VDS-TIMING-PB" Name="coincidence_timing_summary_synth.pb"/>
  <FileSet Name="sources" Type="DesignSrcs" RelSrcDir="$PSRCDIR/sources_1" RelGenDir="$PGENDIR/sources_1">
    <Filter Type="Srcs"/>
    <File Path="$PSRCDIR/sources_1/imports/SPDC_PulseAndCoincidenceCount/rs232coincidencecounter.v">
      <FileInfo>
        <Attr Name="ImportPath" Val="$PPRDIR/../../../Users/admin/Desktop/SPDC_PulseAndCoincidenceCount/rs232coincidencecounter.v"/>
        <Attr Name="ImportTime" Val="1693218290"/>
        <Attr Name="UsedIn" Val="synthesis"/>
        <Attr Name="UsedIn" Val="implementation"/>
        <Attr Name="UsedIn" Val="simulation"/>
      </FileInfo>
    </File>
    <Config>
      <Option Name="DesignMode" Val="RTL"/>
      <Option Name="TopModule" Val="coincidence"/>
      <Option Name="TopAutoSet" Val="TRUE"/>
    </Config>
  </FileSet>
  <FileSet Name="constrs_in" Type="Constrs" RelSrcDir="$PSRCDIR/constrs_1" RelGenDir="$PGENDIR/constrs_1">
    <Filter Type="Constrs"/>
    <File Path="$PSRCDIR/constrs_1/imports/SPDC_PulseAndCoincidenceCount/Arty-A7-35-Master.xdc">
      <FileInfo>
        <Attr Name="ImportPath" Val="$PPRDIR/../../../Users/admin/Desktop/SPDC_PulseAndCoincidenceCount/Arty-A7-35-Master.xdc"/>
        <Attr Name="ImportTime" Val="1692945890"/>
        <Attr Name="UsedIn" Val="synthesis"/>
        <Attr Name="UsedIn" Val="implementation"/>
      </FileInfo>
    </File>
    <Config>
      <Option Name="TargetConstrsFile" Val="$PSRCDIR/constrs_1/imports/SPDC_PulseAndCoincidenceCount/Arty-A7-35-Master.xdc"/>
      <Option Name="ConstrsType" Val="XDC"/>
    </Config>
  </FileSet>
  <FileSet Name="utils" Type="Utils" RelSrcDir="$PSRCDIR/utils_1" RelGenDir="$PGENDIR/utils_1">
    <Filter Type="Utils"/>
    <File Path="$PSRCDIR/utils_1/imports/synth_1/coincidence.dcp">
      <FileInfo>
        <Attr Name="UsedIn" Val="synthesis"/>
        <Attr Name="UsedIn" Val="implementation"/>
        <Attr Name="UsedInSteps" Val="synth_1"/>
        <Attr Name="AutoDcp" Val="1"/>
      </FileInfo>
    </File>
    <Config>
      <Option Name="TopAutoSet" Val="TRUE"/>
    </Config>
  </FileSet>
  <Strategy Version="1" Minor="2">
    <StratHandle Name="Vivado Synthesis Defaults" Flow="Vivado Synthesis 2023"/>
    <Step Id="synth_design"/>
  </Strategy>
</GenRun>
